{
  "dataset": "cub200_224",
  "init_cls": 200,
  "seed": 1993,
  "reference_variant": "SeqFT",
  "lda": {
    "best_value": 88.2465,
    "best_params": {
      "reg_alpha": 0.5708488802312154
    },
    "best_metrics": {
      "SeqFT": 88.2465
    }
  },
  "qda": {
    "best_value": 89.4719,
    "best_params": {
      "reg_alpha1": 0.026070594611783023,
      "reg_alpha2": 0.2390305846694014,
      "reg_alpha3": 0.4895586417774387
    },
    "best_metrics": {
      "SeqFT": 89.4719
    }
  }
}