{
  "dataset": "cars196_224",
  "init_cls": 196,
  "seed": 1993,
  "reference_variant": "SeqFT",
  "lda": {
    "best_value": 83.1737,
    "best_params": {
      "reg_alpha": 0.039488347133124505
    },
    "best_metrics": {
      "SeqFT": 83.1737
    }
  },
  "qda": {
    "best_value": 86.917,
    "best_params": {
      "reg_alpha1": 0.13429385850993483,
      "reg_alpha2": 0.9454252850937224,
      "reg_alpha3": 0.43546286503455295
    },
    "best_metrics": {
      "SeqFT": 86.917
    }
  }
}