{
  "dataset": "cub200_224",
  "init_cls": 200,
  "seed": 1993,
  "reference_variant": "SeqFT",
  "lda": {
    "best_value": 83.5347,
    "best_params": {
      "reg_alpha": 0.14854475388914132
    },
    "best_metrics": {
      "SeqFT": 83.5347
    }
  },
  "qda": {
    "best_value": 84.1733,
    "best_params": {
      "reg_alpha1": 0.058322673169020206,
      "reg_alpha2": 0.895449523306665,
      "reg_alpha3": 0.5113430678564199
    },
    "best_metrics": {
      "SeqFT": 84.1733
    }
  }
}