{
  "dataset": "imagenet-r",
  "init_cls": 200,
  "seed": 1993,
  "reference_variant": "SeqFT",
  "lda": {
    "best_value": 77.65,
    "best_params": {
      "reg_alpha": 0.7767689821898245
    },
    "best_metrics": {
      "SeqFT": 77.65
    }
  },
  "qda": {
    "best_value": 81.2167,
    "best_params": {
      "reg_alpha1": 0.11448761945659706,
      "reg_alpha2": 0.5705621686607772,
      "reg_alpha3": 0.37241230956328375
    },
    "best_metrics": {
      "SeqFT": 81.2167
    }
  }
}