{
  "dataset": "cifar100_224",
  "init_cls": 100,
  "seed": 1993,
  "reference_variant": "SeqFT",
  "lda": {
    "best_value": 83.95,
    "best_params": {
      "reg_alpha": 0.0002633705039406728
    },
    "best_metrics": {
      "SeqFT": 83.95
    }
  },
  "qda": {
    "best_value": 88.08,
    "best_params": {
      "reg_alpha1": 0.11163394905334517,
      "reg_alpha2": 0.4672532781800452,
      "reg_alpha3": 0.05777081489955848
    },
    "best_metrics": {
      "SeqFT": 88.08
    }
  }
}