{
  "imagenet-r": {
    "dataset": "imagenet-r",
    "init_cls": 200,
    "seed": 1993,
    "reference_variant": "SeqFT",
    "lda": {
      "best_value": 77.65,
      "best_params": {
        "reg_alpha": 0.7767689821898245
      },
      "best_metrics": {
        "SeqFT": 77.65
      }
    },
    "qda": {
      "best_value": 81.2167,
      "best_params": {
        "reg_alpha1": 0.11448761945659706,
        "reg_alpha2": 0.5705621686607772,
        "reg_alpha3": 0.37241230956328375
      },
      "best_metrics": {
        "SeqFT": 81.2167
      }
    }
  },
  "cifar100_224": {
    "dataset": "cifar100_224",
    "init_cls": 100,
    "seed": 1993,
    "reference_variant": "SeqFT",
    "lda": {
      "best_value": 90.31,
      "best_params": {
        "reg_alpha": 0.022542117630963837
      },
      "best_metrics": {
        "SeqFT": 90.31
      }
    },
    "qda": {
      "best_value": 91.84,
      "best_params": {
        "reg_alpha1": 0.19931322939669843,
        "reg_alpha2": 0.7419898364232146,
        "reg_alpha3": 0.061009606437014016
      },
      "best_metrics": {
        "SeqFT": 91.84
      }
    }
  },
  "cub200_224": {
    "dataset": "cub200_224",
    "init_cls": 200,
    "seed": 1993,
    "reference_variant": "SeqFT",
    "lda": {
      "best_value": 88.2465,
      "best_params": {
        "reg_alpha": 0.5708488802312154
      },
      "best_metrics": {
        "SeqFT": 88.2465
      }
    },
    "qda": {
      "best_value": 89.4719,
      "best_params": {
        "reg_alpha1": 0.026070594611783023,
        "reg_alpha2": 0.2390305846694014,
        "reg_alpha3": 0.4895586417774387
      },
      "best_metrics": {
        "SeqFT": 89.4719
      }
    }
  },
  "cars196_224": {
    "dataset": "cars196_224",
    "init_cls": 196,
    "seed": 1993,
    "reference_variant": "SeqFT",
    "lda": {
      "best_value": 83.1737,
      "best_params": {
        "reg_alpha": 0.039488347133124505
      },
      "best_metrics": {
        "SeqFT": 83.1737
      }
    },
    "qda": {
      "best_value": 86.917,
      "best_params": {
        "reg_alpha1": 0.13429385850993483,
        "reg_alpha2": 0.9454252850937224,
        "reg_alpha3": 0.43546286503455295
      },
      "best_metrics": {
        "SeqFT": 86.917
      }
    }
  },
  "joint": {
    "datasets": [
      "imagenet-r",
      "cifar100_224",
      "cub200_224",
      "cars196_224"
    ],
    "lda": {
      "best_value": 84.4736,
      "best_params": {
        "reg_alpha": 0.1788194493551834
      },
      "best_metrics": {
        "imagenet-r": 76.7833,
        "cifar100_224": 90.05,
        "cub200_224": 88.0739,
        "cars196_224": 82.9872,
        "mean_accuracy": 84.4736
      },
      "datasets": [
        "imagenet-r",
        "cifar100_224",
        "cub200_224",
        "cars196_224"
      ]
    },
    "qda": {
      "best_value": 87.2245,
      "best_params": {
        "reg_alpha1": 0.12323400045403879,
        "reg_alpha2": 0.5470523073927475,
        "reg_alpha3": 0.3363704997735028
      },
      "best_metrics": {
        "imagenet-r": 81.1833,
        "cifar100_224": 91.74,
        "cub200_224": 89.0576,
        "cars196_224": 86.917,
        "mean_accuracy": 87.2245
      },
      "datasets": [
        "imagenet-r",
        "cifar100_224",
        "cub200_224",
        "cars196_224"
      ]
    }
  }
}