{
  "dataset": "imagenet-r",
  "init_cls": 200,
  "seed": 1993,
  "reference_variant": "SeqFT",
  "lda": {
    "best_value": 69.45,
    "best_params": {
      "reg_alpha": 0.001273112339806232
    },
    "best_metrics": {
      "SeqFT": 69.45
    }
  },
  "qda": {
    "best_value": 75.6667,
    "best_params": {
      "reg_alpha1": 0.192241601098293,
      "reg_alpha2": 0.7857326342325133,
      "reg_alpha3": 0.41369152480375543
    },
    "best_metrics": {
      "SeqFT": 75.6667
    }
  }
}