{
  "dataset": "cars196_224",
  "init_cls": 196,
  "seed": 1993,
  "reference_variant": "SeqFT",
  "lda": {
    "best_value": 81.2585,
    "best_params": {
      "reg_alpha": 0.10523504970592097
    },
    "best_metrics": {
      "SeqFT": 81.2585
    }
  },
  "qda": {
    "best_value": 84.9646,
    "best_params": {
      "reg_alpha1": 0.1272772466524167,
      "reg_alpha2": 0.9822462094362581,
      "reg_alpha3": 0.24287555658416307
    },
    "best_metrics": {
      "SeqFT": 84.9646
    }
  }
}