{
  "dataset": "cifar100_224",
  "init_cls": 100,
  "seed": 1993,
  "reference_variant": "SeqFT",
  "lda": {
    "best_value": 90.31,
    "best_params": {
      "reg_alpha": 0.022542117630963837
    },
    "best_metrics": {
      "SeqFT": 90.31
    }
  },
  "qda": {
    "best_value": 91.84,
    "best_params": {
      "reg_alpha1": 0.19931322939669843,
      "reg_alpha2": 0.7419898364232146,
      "reg_alpha3": 0.061009606437014016
    },
    "best_metrics": {
      "SeqFT": 91.84
    }
  }
}