{
  "dataset": "cub200_224",
  "init_cls": 200,
  "seed": 1993,
  "reference_variant": "SeqFT",
  "lda": {
    "best_value": 83.5347,
    "best_params": {
      "reg_alpha": 0.14854475388914132
    },
    "best_metrics": {
      "SeqFT": 83.5347
    }
  },
  "qda": {
    "best_value": 84.1388,
    "best_params": {
      "reg_alpha1": 0.7714379662438834,
      "reg_alpha2": 0.20501952108860266
    },
    "best_metrics": {
      "SeqFT": 84.1388
    }
  }
}