{
  "imagenet-r": {
    "dataset": "imagenet-r",
    "init_cls": 200,
    "seed": 1993,
    "reference_variant": "SeqFT",
    "lda": {
      "best_value": 69.45,
      "best_params": {
        "reg_alpha": 0.001273112339806232
      },
      "best_metrics": {
        "SeqFT": 69.45
      }
    },
    "qda": {
      "best_value": 75.6667,
      "best_params": {
        "reg_alpha1": 0.192241601098293,
        "reg_alpha2": 0.7857326342325133,
        "reg_alpha3": 0.41369152480375543
      },
      "best_metrics": {
        "SeqFT": 75.6667
      }
    }
  },
  "cifar100_224": {
    "dataset": "cifar100_224",
    "init_cls": 100,
    "seed": 1993,
    "reference_variant": "SeqFT",
    "lda": {
      "best_value": 83.95,
      "best_params": {
        "reg_alpha": 0.0002633705039406728
      },
      "best_metrics": {
        "SeqFT": 83.95
      }
    },
    "qda": {
      "best_value": 88.08,
      "best_params": {
        "reg_alpha1": 0.11163394905334517,
        "reg_alpha2": 0.4672532781800452,
        "reg_alpha3": 0.05777081489955848
      },
      "best_metrics": {
        "SeqFT": 88.08
      }
    }
  },
  "cub200_224": {
    "dataset": "cub200_224",
    "init_cls": 200,
    "seed": 1993,
    "reference_variant": "SeqFT",
    "lda": {
      "best_value": 83.5347,
      "best_params": {
        "reg_alpha": 0.14854475388914132
      },
      "best_metrics": {
        "SeqFT": 83.5347
      }
    },
    "qda": {
      "best_value": 84.1733,
      "best_params": {
        "reg_alpha1": 0.058322673169020206,
        "reg_alpha2": 0.895449523306665,
        "reg_alpha3": 0.5113430678564199
      },
      "best_metrics": {
        "SeqFT": 84.1733
      }
    }
  },
  "cars196_224": {
    "dataset": "cars196_224",
    "init_cls": 196,
    "seed": 1993,
    "reference_variant": "SeqFT",
    "lda": {
      "best_value": 81.2585,
      "best_params": {
        "reg_alpha": 0.10523504970592097
      },
      "best_metrics": {
        "SeqFT": 81.2585
      }
    },
    "qda": {
      "best_value": 84.9646,
      "best_params": {
        "reg_alpha1": 0.1272772466524167,
        "reg_alpha2": 0.9822462094362581,
        "reg_alpha3": 0.24287555658416307
      },
      "best_metrics": {
        "SeqFT": 84.9646
      }
    }
  },
  "joint": {
    "datasets": [
      "imagenet-r",
      "cifar100_224",
      "cub200_224",
      "cars196_224"
    ],
    "lda": {
      "best_value": 79.4767,
      "best_params": {
        "reg_alpha": 0.10577741210137571
      },
      "best_metrics": {
        "imagenet-r": 69.35,
        "cifar100_224": 83.85,
        "cub200_224": 83.4484,
        "cars196_224": 81.2585,
        "mean_accuracy": 79.4767
      },
      "datasets": [
        "imagenet-r",
        "cifar100_224",
        "cub200_224",
        "cars196_224"
      ]
    },
    "qda": {
      "best_value": 82.8942,
      "best_params": {
        "reg_alpha1": 0.14802750894638508,
        "reg_alpha2": 0.9758397778054617,
        "reg_alpha3": 0.2154859786665987
      },
      "best_metrics": {
        "imagenet-r": 75.5833,
        "cifar100_224": 87.66,
        "cub200_224": 83.4311,
        "cars196_224": 84.9024,
        "mean_accuracy": 82.8942
      },
      "datasets": [
        "imagenet-r",
        "cifar100_224",
        "cub200_224",
        "cars196_224"
      ]
    }
  }
}