{
  "dataset": "cifar100_224",
  "init_cls": 100,
  "seed": 1993,
  "reference_variant": "SeqFT",
  "lda": {
    "best_value": 83.95,
    "best_params": {
      "reg_alpha": 0.0002633705039406728
    },
    "best_metrics": {
      "SeqFT": 83.95
    }
  },
  "qda": {
    "best_value": 87.85,
    "best_params": {
      "reg_alpha1": 0.43086678690344293,
      "reg_alpha2": 0.3687043851064553
    },
    "best_metrics": {
      "SeqFT": 87.85
    }
  }
}